,total_mismatches,distal_mismatches,proximal_mismatches,wt,hf1,enh,hypa
194,1,1,0,1.0360026623275524,1.0211345777121765,1.0298925860185195,0.9616940647322403
195,1,1,0,0.9770194974145454,0.8656059207102278,0.809781144416189,0.8646086071825618
196,1,1,0,1.135141856934041,0.8192984718783214,0.9881378410361865,0.8387010835261852
197,1,1,0,0.9060632587440235,0.7277804634026486,0.8368151305326234,0.7691072281951364
198,1,1,0,1.0205969338769214,0.7151677490543668,0.6453801753833092,0.9479395262120284
199,1,1,0,1.1275860432656035,0.7657787880604014,0.9598340501855327,0.8053261768720529
200,1,1,0,1.1251618717586616,0.8671989285649515,1.0329499849316355,0.6530900466263011
201,1,1,0,0.9942681706091007,0.04611426189448968,0.05661755520982667,0.24521925206343922
202,1,1,0,1.0809157327478347,0.7697059839163536,0.827552085201859,0.4593754216905755
203,1,1,0,0.8902646351241456,0.8752951154476023,0.9849814865112247,0.6452698487316978
204,1,1,0,0.9434746466749897,0.08285677213278718,0.1080691619814083,0.01238945609205245
205,1,1,0,1.0642887767496738,0.3925011035128697,0.3416099578826309,0.05416155578526565
206,1,1,0,1.0381029610341659,0.6463505709558367,0.8007480451313193,0.2569547667937719
207,1,1,0,0.9727819947177385,0.7923315531688468,0.9101133162450623,0.4355641148253826
208,1,1,0,0.9442274670067439,0.38562376286459005,0.6607208120342541,0.06730259780136895
254,2,2,0,1.0339303693511321,0.819381789052975,0.6372961201814967,0.9939466409500691
255,2,2,0,1.001198225157377,0.016056181643241213,0.018096296267396346,0.3683551785139061
273,3,3,0,0.9274954721582316,0.0007188718397185094,0.016560180102122696,0.4098389231101368
275,3,3,0,0.01707050658898939,0.01794633762491459,0.01813992308605942,0.0048684304080080345
291,1,1,0,1.12994791168797,1.1792649647170805,1.254182387202642,1.1862217732515346
292,1,1,0,1.0373706594256187,0.9940241796134499,1.0934716248324836,0.9706441062053995
293,1,1,0,1.057551497738946,1.0450664673189634,1.1119971885496405,1.0134686405194597
294,1,1,0,1.1290705589694747,0.9630744973779686,1.0569976844678477,1.052497242968353
295,1,1,0,1.141113495158013,0.8414661788849075,0.8387062954790102,1.0494337742173514
296,1,1,0,1.043810186300032,1.0561130355175217,0.8843323894472694,1.3365538609025165
297,1,1,0,1.1368834113294213,0.9246794111313861,1.2075673136841663,0.8548019201724528
298,1,1,0,1.0135118422645975,0.22492417210684604,0.11255910287663518,0.4364326587499878
299,1,1,0,1.0931931598000444,1.05870131040799,0.9702621207669347,0.762380594949225
300,1,1,0,1.1235707646184017,1.0559621605282123,1.1812304300835141,0.9157389371017373
301,1,1,0,1.0441305638936318,0.29566962239592365,0.28063895202415123,0.0633319204945397
302,1,1,0,1.096753931693767,0.6317211084147656,0.7521025100784621,0.05227951753662877
303,1,1,0,1.089239254875326,0.8631982965007873,0.8947202557024804,0.49539079041851963
304,1,1,0,1.0549345324003911,0.9813702430553614,1.0808078334249374,0.6960728674801852
305,1,1,0,1.038022110798937,0.6714053480475808,0.835617295716468,0.21240983544433692
351,2,2,0,1.1266010108615583,0.9936047519076558,0.9205310205635587,1.0357654398154812
352,2,2,0,1.075352923359685,0.08767004849397457,0.014590211884049386,0.6457007291840874
370,3,3,0,1.0531805442661748,0.12710966564691475,0.057460642476076046,0.5859632143062948
372,3,3,0,0.012440334505499095,0.03411368378342328,0.018532610022647056,0.0033182641798303898
582,1,1,0,1.0580736630058525,0.9299911520530403,0.9090791073586089,0.9771561701792062
583,1,1,0,0.9758581510084278,0.017888091087330922,0.010860605235420767,0.1444331149123122
584,1,1,0,1.0069351457403353,0.009868750567814315,0.033504713467437296,0.14105109757264853
585,1,1,0,1.0747559426034086,0.4806639003572942,0.5617350078339904,0.8714381079466501
586,1,1,0,0.9706921552638865,0.001945297196141441,-0.04296768734041931,0.059429736747587635
588,1,1,0,0.7152080378010042,0.02745923320214519,0.007093426809318706,0.004742003731365718
589,1,1,0,0.9007278410902484,0.01493034655223896,0.011207502613009212,0.011059358410322748
592,1,1,0,0.9101453069011985,0.015684901055261175,0.024146934905589043,0.050485089562111514
593,1,1,0,0.9903347650467337,0.015687902494167662,-0.006715252372984918,-0.029193825140687156
594,1,1,0,0.9429528994358909,0.015462746713423167,-0.009978159908994201,0.04273815105607514
595,1,1,0,1.0055195705963307,0.010260355615995002,-0.0031644111189216948,0.0060305650112221654
642,2,2,0,0.9132235156724695,0.03875071823677693,0.024194908267475113,0.20638791407539958
645,2,2,0,0.054745484797298266,0.025887605042016804,0.0,0.014728495315869514
661,3,3,0,0.032109445044003336,0.02850138380546195,0.008310164517664496,0.008909967751606494
679,1,1,0,1.170078629461669,1.2175152844744452,1.2973216416791593,1.5524124054350474
680,1,1,0,1.197257948302419,0.0930712406681329,0.0571418986158927,0.40433053039068473
681,1,1,0,1.1872155086003977,0.04794744131525983,0.06268635673891855,0.40738391299213544
682,1,1,0,1.1929078334503218,0.8948513105105653,1.0228916891728426,1.5406482711930034
684,1,1,0,1.2456444472083616,0.08169989916476299,0.3580739318199452,0.3490416109667479
685,1,1,0,1.1504531934605138,0.004956723051983305,0.043292737269490136,0.05032881585871066
686,1,1,0,0.9881325164338888,0.01567538970527048,0.01618983891000866,0.026206143949875742
689,1,1,0,1.072188322460216,0.043224462419842284,0.04803536968405737,-3.6005912106880704e-05
690,1,1,0,1.089078938167509,0.05885078464209242,0.030840017127840062,0.02812040574336765
691,1,1,0,1.041135362913444,0.1023856168444689,0.06344232974123731,0.03187892639749587
692,1,1,0,1.1195354848094963,0.04586019809104744,0.017552159454416044,0.002715666696385456
693,1,1,0,1.1062608213528895,0.028342202579350405,0.05751844525465266,0.012250807367139743
739,2,2,0,1.104945749984856,0.07022437851782362,0.07975400760136368,0.39631844651158304
970,1,1,0,0.8459445074358621,1.0082901424152741,0.9107104233023554,1.1399064001417887
971,1,1,0,0.8920886915295624,0.044365458965038636,0.07705907606077937,0.6361178410331509
972,1,1,0,0.8687231918439048,0.02719065069576944,0.06861524777288852,0.43916510595713265
973,1,1,0,0.8712804460855723,0.03410549503765441,0.5227461262731685,0.851406008535594
974,1,1,0,0.9153952867597815,0.02672363396205982,0.09398894930729033,0.4684251608568373
975,1,1,0,0.9946488974190922,0.06186706082864898,0.021494000745118754,0.8031296710441049
976,1,1,0,0.8697129086700823,0.13132118689094208,0.3832902058380818,0.2583978388735842
977,1,1,0,0.9140269241298888,0.012044005122825177,0.054957211818970154,0.05064376052559781
978,1,1,0,0.897691099045777,0.026909128562708502,0.03874960624334334,0.03290031877733802
979,1,1,0,0.7101977471479346,0.058156085473771886,0.14559111849260034,0.058776187649158956
981,1,1,0,0.8948435128893915,0.04588014794499425,0.11426922808296934,0.15944679395193428
982,1,1,0,0.9330951878880792,0.043872520552466966,0.5240525004740116,0.09477261881248858
983,1,1,0,0.8754087642290779,0.025132715346190198,0.012136720953580248,0.03492572586052405
1030,2,2,0,0.8581409916467478,0.008546458967605596,-0.0025778318527953457,0.5140554475036326
1033,2,2,0,0.663507051936204,0.019490852925464444,0.014586040131884392,0.0074814317370906725
1051,3,3,0,0.029766910831954926,0.007583693940276868,-0.027106268860537165,0.03576182533425616
1067,1,1,0,0.9569521317879931,1.0917938437512142,1.075605970696534,1.784813734366093
1068,1,1,0,1.0150624292131287,0.1638103799477921,0.27681527566028075,1.2826459644895296
1069,1,1,0,1.0002607534084562,0.12235401585665048,0.1619500570348577,1.0225790828567463
1070,1,1,0,0.9979668347661513,0.09471554620049523,0.9458306925936724,1.235665228383137
1071,1,1,0,1.0261815677261688,0.12952682044796093,0.28649337075034004,0.8962625227389917
1072,1,1,0,1.009681210219065,0.09693242949867187,0.17231278027943697,1.0397818566142485
1073,1,1,0,0.7877701905503363,0.26947810879982703,0.8122169934723924,0.6075433262143698
1074,1,1,0,0.9888541350341079,0.08286881512182857,0.10215239488580842,0.11026907799386923
1075,1,1,0,0.8071345408087031,0.08159614066655732,0.08711432000602373,0.10966772925779338
1076,1,1,0,0.8785497541661266,0.21797832519100724,0.28876009697046,0.12260507702719135
1077,1,1,0,1.0137854780807978,0.03274195943825984,0.04440592049563007,0.028081403089089102
1078,1,1,0,0.9320310753842663,0.09082434739324305,0.4159395310097591,0.3921814013780887
1079,1,1,0,1.0196221510563481,0.3114414518453695,0.8781903927458367,0.2414709206721774
1080,1,1,0,0.900011294202374,0.060930005731022294,0.08491041101552217,0.06444488596923231
1127,2,2,0,1.0012749796487865,0.09317442843904816,0.02642754872519912,1.0709380178396897
1128,2,2,0,0.6706738771580049,0.020821839364884194,-0.015297080367068441,-0.014836278797612408
1130,2,2,0,0.796862947906866,0.012553502496379184,0.02191019656223718,-0.002099828662131511
1148,3,3,0,0.008925816135651975,0.06402365557377815,0.033868581314590654,0.011275463783810523
1164,1,1,0,1.1419086917783752,0.9263155236483022,0.8843289016474974,1.059885869448579
1166,1,1,0,1.2355290723249925,0.07102737216755073,0.02671885334125187,0.5671188711222768
1167,1,1,0,0.9238355638058092,0.025343869361762125,0.08743081865474213,0.27830588977355514
1170,1,1,0,1.0597358843359947,0.04344171181316949,0.03491660903600421,0.055429310475689775
1172,1,1,0,0.7590790114438765,0.005921773567108695,0.019289891041614292,-0.013871285154489023
1173,1,1,0,1.2593426130342935,0.09023654959403728,0.09120163261656698,0.08620829263361705
1175,1,1,0,1.1098223118062107,0.04708872576799705,0.04887239613818904,0.23728023693680453
1227,2,2,0,0.6613251747490457,0.029610082957135613,0.04227005329205388,0.004840816995924799
1245,3,3,0,0.005164156121058971,0.01836806075875926,0.02550094407615276,-0.007188358298682574
1261,1,1,0,1.4084253182662314,1.043850374376856,1.07692801908992,1.0664540008773866
1263,1,1,0,1.3969989329367931,0.29388356433680374,0.14951762374801553,0.6864346227538198
1264,1,1,0,1.3200773430587989,0.0928286959276906,0.28071785833175233,0.6050667916335399
1265,1,1,0,1.1363267783960553,0.023558418289574667,-0.060905124528433066,0.47183698312328626
1266,1,1,0,1.3001743849124645,0.009790282651474585,-0.03742186875455837,0.3995033992779945
1267,1,1,0,1.3524913681875308,0.028076827291339916,0.02949676683074124,0.06004689270374724
1268,1,1,0,1.2323118726087756,0.11585628965578908,0.046299304202915954,0.04401906551178086
1270,1,1,0,1.2781097842348894,0.1476877715600793,0.25855629174979394,0.15276396658822014
1271,1,1,0,1.2006720152177168,0.02708870857378352,0.04336376629366736,-0.03345837625203382
1272,1,1,0,1.2909932955755763,0.180526837591276,0.1865336340947804,0.5443987533592457
1321,2,2,0,1.1796575327548764,0.002455271328278778,0.00539454601060348,0.62642288585017
1324,2,2,0,0.8440774992961851,0.02352599236420166,0.007765601291470329,0.059237714716027505
1341,3,3,0,0.030671475814771112,0.02371215092276038,-0.009246629186614522,0.012471881165452076
1358,1,1,0,0.9735739431810434,0.9565612865459606,0.82457452819178,0.9981229955689751
1359,1,1,0,0.8604456568204337,0.6289342306465758,0.34827475812604364,0.8426725479804763
1360,1,1,0,1.0258332738267006,0.2872275339579635,0.3533873216548848,0.8692673632083127
1361,1,1,0,1.1057170918398382,0.3556671364095127,0.5922822428419453,0.9269093475388259
1363,1,1,0,1.0177406717067343,0.029146703724606204,-0.004795765810986812,0.7721948026212299
1364,1,1,0,0.9392365199267421,0.23861066707233455,0.4608613401567714,0.25959671870012585
1365,1,1,0,1.093406761279675,0.10465389123863703,0.08295249832176099,0.21096485175519508
1366,1,1,0,1.114183595874343,0.011528559458828152,0.11201299166920252,0.042861411149037104
1368,1,1,0,0.9932061013962824,0.25789867092228336,0.6176487254236886,0.3289266592725513
1369,1,1,0,1.1077932357252611,0.047563239834640385,0.0015784772377963328,0.10022842397649308
1370,1,1,0,1.0147989334023653,0.0475399572121686,0.1807369846242574,0.07225203191324563
1371,1,1,0,0.9962240945670862,0.11772120574155508,0.23728466398496367,0.14988661144333934
1372,1,1,0,0.9177290180610885,0.020206165139376436,0.006153576900101185,0.03998564992374154
1419,2,2,0,0.9114731591795318,0.0014861906352235045,0.0012818586119832877,0.041659400109708464
1455,1,1,0,1.1231998562334533,1.2194979696463504,1.060262453213735,1.2218818410206151
1456,1,1,0,1.0831134266950466,1.0705144883166235,0.7123251400230431,1.1774827016149532
1457,1,1,0,1.1392402331499545,0.6505064577997769,0.8074010817925148,1.183936123494027
1458,1,1,0,1.1678222039709383,0.7677236705487318,0.9600638630715825,1.0131961357730717
1459,1,1,0,1.0596202737921019,0.1119331667545246,0.05743656528961999,1.1273692118836145
1460,1,1,0,1.1483094146909791,0.1633627063785372,0.06619524818417279,1.1430512726278041
1461,1,1,0,1.2504770273934858,0.7381025551065914,0.9582061638177333,0.42783456566239847
1462,1,1,0,1.1434648035848247,0.4708746068491168,0.374339773547129,0.5169460154267175
1463,1,1,0,1.1522085619794513,0.3064553780194825,0.1871003212571093,0.3034068377095475
1464,1,1,0,1.2921022439233196,0.06287048479018992,0.4109255692356652,0.10547248214785297
1465,1,1,0,1.1449242684799004,0.7071135575712197,0.809776679429252,0.6931073983894975
1466,1,1,0,1.227675846941275,0.05513285370983711,0.0612942898433348,0.1242422616254269
1467,1,1,0,1.1122946034351153,0.2682138937634304,0.42816875280189115,0.16891182807094746
1468,1,1,0,1.0704541809481347,0.37760655981455843,0.5065887052166294,0.15273487515451856
1469,1,1,0,1.1668122402700396,0.029246769822239116,0.04360581197069764,0.10303200252092029
1515,2,2,0,1.0720665476561635,0.08224568441756278,0.0523219230621973,0.9486136876846337
1516,2,2,0,0.9085794277744574,0.017776221957810576,0.0017038375232771492,0.1437683892440517
1534,3,3,0,1.044553035971766,0.04913974314783526,2.831247579600854e-05,0.3265066448745186
1552,1,1,0,1.030896617290594,1.2445812672567984,1.1417807487065164,1.1657208375075767
1553,1,1,0,0.9405437705386454,0.40704611593018386,0.5236281669163558,0.7284026555330746
1554,1,1,0,1.058678430775547,0.05447665818229117,0.2010508563126733,0.6213540904256017
1555,1,1,0,1.071578878299091,0.055615808853468285,0.8110168150625454,0.70567246865115
1556,1,1,0,1.033227093375348,0.09822041626403569,0.22365844372203444,0.5835292753471327
1557,1,1,0,1.0723084544782668,0.22424857023910832,0.19683923986203247,0.38367254061211903
1558,1,1,0,1.007029770041547,0.31948415163213933,0.738217841157395,0.24188489754848888
1559,1,1,0,0.9002748186820247,0.031096982628778153,0.07321387950906608,0.07245240526251445
1560,1,1,0,0.9030435926273129,0.5537330257411779,0.5868476534740762,0.1482247161743912
1561,1,1,0,0.9970398227111456,0.08880038577203374,0.46221382614057793,0.08603368787177773
1562,1,1,0,1.0852237683623167,0.9356995125344931,0.9879057602980715,0.5115539690590979
1563,1,1,0,0.8996934025802507,0.04825013504488283,0.12912903005895202,-0.0073283639497609306
1564,1,1,0,1.1110159262301664,0.9844158135950912,0.9234023431537839,0.6260462597456754
1565,1,1,0,1.0268051278263666,0.050245356770780285,0.04432541639311331,-0.045614741865801674
1566,1,1,0,0.9943344711092013,0.14043577662442247,0.4713921461312788,0.04188361665021516
1612,2,2,0,0.9665266079255563,0.015410703076296217,0.0038161422647223693,0.3920344691227469
1631,3,3,0,0.8326251612093742,0.02338257334998323,0.011000777808135038,0.05290839214911523
1632,3,3,0,0.08430660279700963,0.005876280894675208,-0.013478092054070624,-0.010155950444332582
1649,1,1,0,1.2406295956258453,1.4041265923846464,1.3526279930746836,1.4366622495329096
1650,1,1,0,1.1890319045493107,0.7992073213366117,0.9772683600159315,1.1854674646970185
1651,1,1,0,1.162843255469207,0.22152765126364646,0.5735009216680124,1.003127354088709
1652,1,1,0,1.125465732902223,0.34922030415978467,1.2202934326065735,1.0504543716364934
1653,1,1,0,1.1003694617680653,0.3208411258965938,0.5774575579286866,1.032505649490716
1654,1,1,0,1.2376525402912495,0.5625253509884897,0.6622968804210787,1.0298948772535252
1655,1,1,0,1.173204010290958,0.7348575925002337,1.0087135194690815,0.5814063345253452
1656,1,1,0,1.1463711300257857,0.0998998044088825,0.09333173450005311,0.10073764369598594
1657,1,1,0,1.1543081194316698,1.0720085755302722,0.9523176813619973,0.4194579684304152
1658,1,1,0,1.2102957814830126,0.4100489526606006,0.8569370016388056,0.1591538208254571
1659,1,1,0,1.1456357358372244,1.212505648243323,1.1658898596586278,0.9132056131753259
1660,1,1,0,1.1644506637937322,0.27174449808010964,0.4784856016714581,0.06342665732176624
1661,1,1,0,1.2428917389104368,1.116826578655855,1.1148192198072226,1.1865078885046874
1662,1,1,0,1.1047086476817911,0.11031826443568919,0.24758127013031564,0.020635786171507037
1663,1,1,0,1.126933965099962,0.4648164760518632,0.8775978871119672,0.09683780417888482
1709,2,2,0,1.0983775089036814,0.11569604429898588,0.07013626889746294,0.6364726143322917
1710,2,2,0,1.0983877825114472,0.05221399281080025,0.03934635446225188,0.02393177639855183
1711,2,2,0,0.855510150245949,0.04058775191612881,-0.001864311749752734,0.004948425609350969
1728,3,3,0,1.1016319833916102,0.07825406649990299,0.07104027518648919,0.08467570271392182
1729,3,3,0,0.31226513933926936,0.004310437962536454,0.0021589146872849035,0.0070789534745121134
1746,1,1,0,1.0657324163407518,1.188974141611112,1.409352889093619,1.1360397977615762
1747,1,1,0,0.9697489629568831,0.5172579674703216,0.8605916979120772,0.6921372470660353
1748,1,1,0,0.9635167441961918,0.3634205283548188,0.6377415036597737,0.7882857534439265
1749,1,1,0,0.8563289113190523,0.2546667643871545,0.9091316407634824,0.7857216402834231
1750,1,1,0,1.0594276973160963,0.08285644479738292,0.5967705053099522,0.7386647266109967
1751,1,1,0,0.9476227308783473,0.4328439961901739,0.739491111413153,0.7387259468725723
1752,1,1,0,1.0231152459541508,0.5020041747692906,0.9371720480872714,0.6270288254608999
1753,1,1,0,1.1770712202909719,0.07658100578204623,0.28994735452012477,0.1296728547833048
1755,1,1,0,0.9849613306654289,0.1260234069373309,0.4702231794171682,0.35790002946577043
1757,1,1,0,0.7700797613195776,0.2518251465861437,0.7257058780882532,0.30500343070863933
1758,1,1,0,0.9546022066453234,0.03469787511395382,0.5293978753684193,0.08436273281959046
1759,1,1,0,0.9997031819013464,0.029208938570229517,0.40196753823029246,0.026249577271337168
1806,2,2,0,1.027570239368678,0.29508550134591416,0.15623247377454458,0.912845311007849
1808,2,2,0,0.5823602612321845,0.001955752370025431,-0.006070798940992113,-0.04369137835621033
1843,1,1,0,1.0734955561308137,1.2979593076326095,1.2607325593333933,1.3093139024261051
1844,1,1,0,1.06938249685888,0.6723923422439148,0.9220922151940605,1.1693952834416348
1845,1,1,0,1.0378795000854695,0.6391929392456726,0.8862564847221978,1.0512961544986992
1846,1,1,0,1.1865463682862165,0.5350446673415292,1.0674927559907044,1.0465433502462955
1847,1,1,0,1.1221340874561658,0.34722470253428983,0.9055387217152179,1.0350406803720409
1848,1,1,0,1.0177950943663234,0.810517668858852,0.9541903210262453,1.1595654943200997
1849,1,1,0,1.2041855605034222,0.814122010629434,1.080100113916194,0.8923593920088313
1850,1,1,0,1.125022144835964,0.2820906724422,0.6578885714481346,0.33019161272679215
1852,1,1,0,1.0260595914147954,0.526549264369573,0.7719336464643307,0.7000776457125198
1853,1,1,0,1.1417898856738828,0.10513337065635507,0.19354054181309432,0.025408216003725864
1854,1,1,0,1.087455039034293,0.7582606709940657,0.9488714311439985,0.7276478264280835
1855,1,1,0,1.1721191185892021,0.188207042064751,0.792671070996466,0.2319705690503335
1856,1,1,0,1.1484403527233258,0.10943525801794722,0.7297282741063819,0.05376351924028196
1857,1,1,0,1.0910746470252628,0.11944418335747507,0.8864268675149214,0.24095375785903686
1903,2,2,0,1.174002596008417,0.7538006872125559,0.4560631455527487,1.1450092817636208
1940,1,1,0,1.3146306824391707,0.9962567436700839,1.21804161179944,1.2207368639420626
1941,1,1,0,1.3700169875424693,0.7010973585083292,0.7883547379440677,1.1163105102485829
1942,1,1,0,1.3611363901860445,0.32403455475809734,0.6712350296571445,0.7801631890284995
1943,1,1,0,1.4215699565036957,0.07805424004955475,0.5295474264875721,0.5970474018385789
1945,1,1,0,1.2615636148792393,0.041050267172565255,0.1728673444623963,0.36924089275119504
1946,1,1,0,1.310112359550562,0.021372421336460425,0.3118167895089499,0.06700432689857025
1947,1,1,0,1.3315754426725124,0.1561986823615309,0.12413223771553804,0.13038102240919547
1950,1,1,0,1.4762499860471239,0.021902337027132353,0.09660462266513749,0.04426418523053629
1952,1,1,0,1.222222397198852,0.050974165966723,0.3253300923471102,0.09954274953140863
1953,1,1,0,1.182804992806025,0.0844420719999686,0.297185599352337,0.08144379119566686
1954,1,1,0,1.3911072692603488,0.09295626506463453,0.30133625869913067,0.12218627048293867
2000,2,2,0,1.2797664167829752,0.0072676625143672765,0.01257174668688594,0.4845812576579345
2001,2,2,0,0.33497176526446476,0.005571972183884882,0.006874116375342246,0.02905726939083125
2003,2,2,0,0.5275112623300446,0.03205227327128218,0.0053343308197493795,0.019254738526714277
2019,3,3,0,0.28674036722247664,0.010173618891566767,-0.0001460464893853803,0.07167941240305033
2037,1,1,0,1.5948008935358144,1.1962704115355036,1.3532743413026669,1.476340021683191
2038,1,1,0,1.6345557402944046,0.98043586732813,1.0753842936474831,1.3075415582587038
2039,1,1,0,1.4593116935510015,0.6526845943215689,0.9947798838209926,1.1948047889464195
2040,1,1,0,1.6220451249677983,0.35244422120041413,0.9551104700260777,1.0188131187456213
2041,1,1,0,1.454104183817957,0.06363806194130275,0.14206083226266752,0.7484188894122524
2042,1,1,0,1.4987463226675564,0.1572255540801409,0.4177292241530312,0.8254394199000452
2043,1,1,0,1.4483749816928961,0.166012987550033,0.619942356078584,0.24295254837867367
2044,1,1,0,1.4266562646325283,0.4445326740802629,0.42131433471602486,0.37393973258309
2045,1,1,0,1.5082145201499535,0.016757657796432263,0.03964432002698524,0.045561499326182336
2047,1,1,0,1.3105101870151799,0.049529277742816166,0.20288562872856453,0.06857415777556534
2049,1,1,0,1.5068375283550823,0.1879320706722282,0.6744814413172318,0.13354376726059067
2050,1,1,0,1.4651719438987705,0.24710514470782197,0.6591495433636269,0.1877400924113846
2051,1,1,0,1.565071294104158,0.291224312170892,0.801477627387318,0.16877551370822952
2097,2,2,0,1.3487968517976217,0.04804933958894932,0.09179895816516422,0.8756491886672848
2098,2,2,0,0.5984699178505688,0.0031572981009055645,0.02677911272979296,0.04248978299236442
2099,2,2,0,0.5674107556334838,0.017289251197488104,-0.014235264043923269,0.016947882215284767
2116,3,3,0,0.7179550543946549,0.008701130388659413,-0.04756735268215029,0.1884842517503103
2117,3,3,0,0.21496483973768077,0.010520506920621809,0.0,0.03387378274157434
2328,1,1,0,0.9524765862786153,1.036502346368715,0.6592670725346875,1.7363241821965945
2329,1,1,0,1.086393500700688,0.21302304452611584,0.03656641650076421,0.7548396775358426
2330,1,1,0,0.714055517506636,0.13958035010448078,0.1028416580074822,0.5568073531148106
2331,1,1,0,0.8673537178510587,0.07032497376396395,0.10904345875887203,0.452791320828704
2333,1,1,0,0.825925502431487,0.01980004398576165,0.0320308566112802,0.5495545190711353
2334,1,1,0,0.762776364166632,0.022642977886638837,-0.006159006005462505,-0.010379582853588792
2335,1,1,0,0.8996587144186643,0.03874390892962744,0.06386841901910233,0.08943216242346116
2336,1,1,0,0.850492656257226,0.1313608880491261,0.19352790644112638,0.04179082783612962
2337,1,1,0,0.9398448617456202,0.04469858789157604,0.020117258563105426,0.08974063081754222
2338,1,1,0,0.4677921319547333,0.006092977675021316,-0.004925590106515389,0.010095690599068041
2339,1,1,0,0.46964063854587934,0.03626477761003369,0.008385817782144943,0.125341105658144
2340,1,1,0,0.9422870858061788,0.04978816278071084,0.11501353673892421,0.0427040683906033
2341,1,1,0,0.9451409187835039,0.04242438182863715,0.06029571117966554,-0.03559797618258544
2388,2,2,0,0.8362629992300936,0.05637545564644514,0.03236385276656953,0.317457767060158
2389,2,2,0,0.40244077419110463,0.03854718074312504,0.005320228171199167,0.004784568259906069
2407,3,3,0,0.4232726015263107,0.04665099231181834,0.00016496006887038546,-0.04725706828762637
2408,3,3,0,0.009337215340108306,0.008442257491907697,0.0018443350113288189,0.07268525390096858
2425,1,1,0,1.400189037369941,1.5972428018908464,1.0897105731444001,2.7564821346828903
2426,1,1,0,1.4548185196492671,0.9273345929815875,0.28783317291590227,1.9282797841697354
2427,1,1,0,1.2331131139044842,0.5074402332361516,0.3892080011325348,1.6010979351550978
2428,1,1,0,1.4093476975361696,0.4124787212787213,0.3625208616172185,0.9642143511523591
2429,1,1,0,1.5379118704429189,0.3237818181818182,0.08328591223453223,0.9820398212108897
2430,1,1,0,1.437644165984887,0.21834283175475086,0.03745835677266907,0.8921325303493225
2431,1,1,0,1.3281671300427487,0.07154497577417317,0.015477324030852294,0.1055025557711279
2432,1,1,0,1.424181383088841,0.14112967753472017,0.1212020429527563,0.0833216239133068
2433,1,1,0,1.37149524158854,0.32868435013262604,0.41213572399689063,0.007397253132642038
2434,1,1,0,1.387189845392549,0.24703731911652702,0.1800553985892732,0.0578934933670648
2435,1,1,0,0.9431046592535581,0.0016702219314532665,0.02204178239612284,0.04135948022448512
2437,1,1,0,1.3245927007197538,0.20123064967879206,0.2162536172554822,0.1118734864488582
2438,1,1,0,1.0920733280136345,0.06979268420500996,0.07879473533124269,0.088539617505291
2439,1,1,0,1.4029641668816621,0.2949708328712432,0.4841847145995869,0.04759359009306409
2485,2,2,0,1.1203591821119676,0.12353151889716496,0.061518606988911456,0.8551660631285641
2486,2,2,0,0.8186103305229633,0.014994268567141786,0.006988689421345764,0.14823179537707573
2504,3,3,0,0.9614618482069153,0.0017156269705957976,0.002932865775745631,0.02510280025995005
2522,1,1,0,1.0188390211721285,2.157507382973344,0.43569147530814556,2.806570755202903
2525,1,1,0,1.0083187300367529,0.19900811289762316,0.014938599253294951,-0.16427616151438462
2528,1,1,0,1.1315478371749503,0.11358488000069486,0.08662711466165414,-0.4019071635639191
2531,1,1,0,0.9523732710581452,0.0942481889134751,0.0056224492231318176,0.063876162059224
2532,1,1,0,0.9953506963809924,0.4655838715536611,0.19410243133411312,0.3850583585807353
2536,1,1,0,0.7542031680664345,0.14002679097075618,-0.019471153846153846,-0.22274439703225313
2619,1,1,0,1.3439108040490915,8.147121994708955,1.0716999067364947,8.843750845231053
2620,1,1,0,1.3006486019204782,0.752733738948493,0.06252782524361519,4.1326105673243205
2621,1,1,0,1.1410901000158364,1.1493758208682745,0.07853185595567867,5.0986085904416205
2622,1,1,0,1.3994863880919224,1.5132022771496354,0.03934569249957982,1.6720868022902378
2623,1,1,0,1.2128064851306484,0.29370427140812067,0.03634098603690455,5.335855100268369
2624,1,1,0,1.2417644506414798,0.5866213188418212,0.03560737322445618,3.3379721921269447
2625,1,1,0,1.3527557237342687,1.536791511749146,0.2021024644688169,0.42084767549906443
2626,1,1,0,1.4367111398788364,0.5838873966700867,0.06862948588018182,0.7117490153630004
2627,1,1,0,1.316759276941623,0.2685323589551271,-0.012556589629196223,0.7005894636538115
2628,1,1,0,1.260529450981705,0.42777081691593005,0.044459647881461756,0.20002491199650466
2629,1,1,0,1.2973354055747437,1.40749176313416,0.41970626241993547,0.9368581220567811
2631,1,1,0,1.2235886760993273,0.2773973444301471,0.14662687757897644,-0.3684983348888311
2632,1,1,0,1.0927216565937268,0.19196850315528463,0.0233028796588751,-0.11718408068782425
2633,1,1,0,0.9694442007764519,0.9787475449732537,0.015762362637362637,-0.029576019522954754
2679,2,2,0,1.0990198272840404,0.47218130756220195,0.006939581315652237,2.1850448302043217
2682,2,2,0,0.14454167783684013,0.25344612588106824,-0.012987082066869306,-0.10126473448564365
2698,3,3,0,0.9683003424886909,0.21191556925894517,0.035789577967109173,-0.019052891977369552
2716,1,1,0,1.0553152782116404,0.95065446202572,1.0576320425890577,2.5426801305394346
2717,1,1,0,1.014783582554835,0.07393780260677563,0.11154355496519149,1.2446998177645243
2718,1,1,0,1.1225567227633513,0.05897449049325978,0.1407466447822389,1.24228746188798
2720,1,1,0,0.9289335978876069,0.05335708660554401,0.042039344182609135,0.8903457403053263
2723,1,1,0,1.0377496409891096,0.043288269847501525,0.1039231852956327,0.11328252605340879
2724,1,1,0,1.012094787502786,0.001974174174875413,0.04276390974751245,0.07790107750983055
2726,1,1,0,0.6200618126489065,0.014648826233104992,-0.0024363737238463174,-0.015211716091779716
2727,1,1,0,0.6517049691432121,0.008081150908158388,-0.021023444305668507,-0.021780299694530943
2728,1,1,0,1.0494472652038558,0.05978603580719589,0.011452894824710033,0.036958342212084785
2730,1,1,0,0.626169428564569,0.005433609549471003,0.028315203939322804,-0.022552381014415295
2776,2,2,0,0.6823576142437415,0.02558077429083725,0.010844774035738629,0.3960050088478882
2777,2,2,0,0.1403771161596149,0.012685002831643113,0.001948750555275277,-0.038424147901095045
2778,2,2,0,0.009980425462109066,0.0032146094108216772,0.0393152164978756,0.15381521027603257
2813,1,1,0,1.189531554918547,1.5768090896167566,1.4174266696504088,3.7691610980136785
2814,1,1,0,1.2112474533307254,0.23215062284796142,0.34729342546652037,3.1308020175499975
2815,1,1,0,1.342238358445757,0.20362837564655636,0.30862231177694055,2.897585503995005
2817,1,1,0,1.1006712172746902,0.16435802295513793,0.0685954848549664,1.6862413185866083
2818,1,1,0,1.1962501804912518,0.02632930109021857,-0.019006021283608728,0.7213611011602518
2820,1,1,0,1.1893318379933597,0.06298632210265384,0.06167051606917526,0.07354293141957859
2821,1,1,0,1.2388629725932356,0.10558106323592528,0.1740974714472398,0.0651625889082396
2822,1,1,0,1.1017658026893005,0.2188313293547376,0.6198237774234313,0.23231558712956324
2823,1,1,0,0.8858117919746253,0.015262224817781871,-0.003062870770810083,-0.05388966308960614
2824,1,1,0,0.39034194622537777,0.013093549945734704,-0.002669421987846593,-0.008071915677024368
2825,1,1,0,1.1758389761234314,0.06678067445452997,0.030930772411124463,0.048068550508566975
2826,1,1,0,1.1741584400355538,0.10706692452330853,0.12040929965196452,-0.045968996801958886
2827,1,1,0,0.9848773638891206,0.02135016415587414,0.02014778195668364,0.027118226409022984
2873,2,2,0,0.9215525103307445,0.03448597530921641,0.013945464589140819,1.3943904743331497
2874,2,2,0,0.370113921357305,0.06709049751305567,-0.03987971357075854,0.021843350704198444
2875,2,2,0,0.02175263280585907,0.03979204720252871,0.030653346573973717,0.02367865935420397
2910,1,1,0,1.0412288763433803,1.182746543778802,0.9800304464152245,1.2076817050116313
2911,1,1,0,1.2763145343430802,0.32130490249681065,0.09577720307199873,0.530460968463946
2912,1,1,0,1.2533836977144386,0.058899046211651936,0.04066778926176277,0.11077333466610294
2913,1,1,0,1.2573215229860801,0.08647642679900742,0.14890562596520382,0.012168071752735023
2914,1,1,0,1.2348094375609022,0.017858589459017197,-0.021177672276954086,-0.005426742593198984
2916,1,1,0,1.4196121155076378,0.03725043139408263,-0.042475800077965115,-0.08097683120683104
2919,1,1,0,1.496258001034751,0.14466879097195967,0.09099252583143616,0.06528504464944597
2922,1,1,0,1.1614084187968676,0.031902516572071056,0.26932828821224936,0.019852329298682404
2923,1,1,0,1.1524841683277312,0.005784860923805869,0.006064842740076057,-0.033504001147530195
2972,2,2,0,0.07903301216184652,0.012911315240927918,-0.015856826347234777,0.11765312503928882
3007,1,1,0,1.8075254296628345,1.2970873786407766,1.3963902876545582,2.2253266776044023
3008,1,1,0,1.320179801827303,0.6853584097326223,0.1752943114275026,1.0322397492500464
3009,1,1,0,1.5976019993383845,0.20589463617455084,0.185768689895708,0.3076673182394558
3010,1,1,0,1.5135118668452001,0.47647466524137605,0.40700724257080145,0.2679084729980112
3013,1,1,0,1.1329006161358484,0.059146917741043886,0.10778458103700907,-0.012422641105804016
3015,1,1,0,1.461430354287497,0.2758202371105597,0.2745889217459263,0.05522612905471525
3016,1,1,0,1.643191302832663,0.4837166988180406,0.5148694730869271,0.32874868980396404
3018,1,1,0,1.4129762435479092,0.00818549002597638,0.024910341689391442,0.3175930823544063
3019,1,1,0,1.3909751892101254,0.2518512546202629,0.6337731950825015,-0.003023066196892635
3020,1,1,0,1.390839178564384,0.006827481206584834,0.018118011019388713,-0.007661313130258242
3021,1,1,0,1.6105679770679773,0.11998330356155336,0.06731787499335491,-0.06807716502550479
3068,2,2,0,0.01948545853401627,0.005374444317793229,-0.019106991034168134,0.0039752698772208645
3069,2,2,0,0.13191673558837458,0.010791197067430416,-0.015856826347234784,0.010287634144929862
3104,1,1,0,0.9595892070213273,0.8048727810731131,1.036438503182545,0.8777491952544649
3105,1,1,0,0.9961677124914827,0.4184964174944928,0.4499433598251603,0.7840263315818343
3106,1,1,0,1.155149183543378,0.075650680837824,0.70783557673126,1.0436066198509872
3107,1,1,0,1.1942153066431014,0.18243059453391477,0.8246973197823092,0.5320988170174485
3109,1,1,0,0.891470656385573,0.03255919074858166,0.0794298250919941,0.523803584758307
3110,1,1,0,1.0736982661686758,0.003215871630716403,0.1221043181501298,0.13392682545292192
3111,1,1,0,1.0573624015306995,0.03275970272213958,0.15243517903684164,0.12126862693134179
3112,1,1,0,1.1177464983065257,0.02216653639537239,0.052780010252184886,-0.0007574772489138015
3113,1,1,0,1.035572869322731,0.09899865559048017,0.6597494732647234,0.27763866581541014
3114,1,1,0,0.839945913638373,0.05183769276267184,0.0051732295120745075,0.07581893278949928
3115,1,1,0,1.150389659918032,0.06499612638891065,0.25586127696128835,0.0907952883236544
3118,1,1,0,0.9351610892672146,0.0008090945538703361,-0.03072967509716267,0.018277535290315883
3183,3,3,0,0.5456847312764515,0.04031615348815796,0.029531601636767036,0.0343728293553737
3184,3,3,0,0.2344582252878777,0.005302937699888987,-0.0006833051151634774,0.03398637359895085
3201,1,1,0,1.2794257672208533,1.3595442417657166,1.111412227543468,1.182027286684679
3202,1,1,0,1.1450016793596798,0.7753729200693794,0.8773540614449881,1.092233702371362
3203,1,1,0,1.2514273360984607,0.4988890393155797,0.9416397798852442,1.173726372744536
3204,1,1,0,1.4788942971824082,0.3673432379730529,1.0631376589236134,0.9814380221759792
3205,1,1,0,1.5120918427751855,0.20908831080695753,0.19250146666925053,1.3957366676263339
3206,1,1,0,1.265674177056139,0.36706507731988136,0.2154156965311359,1.2403515285035853
3207,1,1,0,1.1922926115218164,0.09482257858336407,0.29451426323228475,0.1519826321029205
3208,1,1,0,1.3102567972754446,0.24035651453743712,0.4357906619912109,0.32187889814954596
3209,1,1,0,1.3551798381749474,0.008017052775216454,0.19991299182597247,0.04869335571833413
3210,1,1,0,1.3009073065993817,0.4921865359774756,0.9064359466468552,0.3886454449577398
3211,1,1,0,1.057654986465326,0.05601365740855973,0.10036711879806698,0.03619808741872088
3212,1,1,0,1.2553545443060725,0.23905090948483113,0.6853556148997915,0.11437915818060408
3213,1,1,0,1.2537420165842208,0.2289125619805135,1.0169823080211167,-0.01691143204284386
3215,1,1,0,1.1039199746712418,0.008239495875688488,0.09900875582032749,-0.030021122700650993
3261,2,2,0,1.0952226007792103,0.04944665053310443,0.03630578944079279,0.8773760014666089
3264,2,2,0,0.7951656806643168,0.08593649608687357,0.00047064800224307947,0.03756789023218549
3281,3,3,0,0.6251421546097526,0.027473904362939762,0.027650768281007893,0.12984290733860815
3298,1,1,0,1.0840425957250694,0.8774011008136078,0.8782936064825984,0.8583453254244083
3299,1,1,0,0.6627788502902806,0.09653921145001697,0.07027671090937287,0.38702185443918025
3300,1,1,0,0.8534643827450052,0.09559906519019308,0.1554195234882304,0.4788424127482412
3301,1,1,0,1.0451348931713325,0.8617617716967286,0.9596033348685306,0.8964900612367787
3302,1,1,0,0.8942831380887221,0.0738782411458501,0.18977961807751054,0.378459524858046
3303,1,1,0,0.9572412228960211,0.20050985455990086,0.6581870277792028,0.5022183214110401
3304,1,1,0,0.9595289394675939,0.018593157114977756,0.05158007316741254,0.016252933730470345
3307,1,1,0,1.0045406022570769,0.10661261903518396,0.155134774205041,0.05000128702292552
3308,1,1,0,0.8303622812532,0.014413571181909569,0.01867045607894208,0.012519870803725398
3309,1,1,0,1.0649075959703072,0.02607516109720481,0.07514383092425062,0.052556003342247394
3310,1,1,0,0.8700244525078119,0.09132694326469509,0.2957116318598107,0.025209947346071203
3312,1,1,0,0.7941731391826515,0.03507702210768286,0.27262947553079203,0.04799294098627124
3358,2,2,0,1.094333541718473,0.05994362457031013,0.13346557157591038,0.42473076874848026
3359,2,2,0,0.7593202824518965,0.031441932435466495,0.0022911704094034603,0.035782255432247785
3361,2,2,0,0.21288088698869184,0.013016577717491666,0.00872158079059062,-0.008704438972426039
3379,3,3,0,0.006161459545432308,0.021230752967996067,0.004385885707479088,0.015201125667997849
3395,1,1,0,1.2569678945041027,1.041529653766657,1.0296469620390958,1.1972888611180261
3396,1,1,0,0.9149771444183901,0.4850252367518697,0.20836036862742977,0.7910895149257418
3397,1,1,0,1.028783249792611,0.4421338193073064,0.38825303356228147,1.0585632249281094
3398,1,1,0,1.1087278117940065,0.99276936287573,1.0028229642946915,1.374639104828411
3399,1,1,0,0.9976619040863125,0.3589671862920253,0.44521438526838847,0.8225775334116053
3400,1,1,0,1.216347214487308,0.574603224920631,0.925243510117843,0.988777113595078
3401,1,1,0,1.0704742020874076,0.10635790298725517,0.12362336147400549,0.05413605979184883
3402,1,1,0,1.0830456515836122,0.01090999016931694,0.034765807325214705,0.016785034884768076
3403,1,1,0,0.8098227646112475,0.037195619021038226,0.051571662363741076,-0.03322404050009616
3404,1,1,0,1.0681157203696787,0.33453877694332945,0.3662450330517405,0.11059366324064059
3405,1,1,0,0.9952123658427783,0.11590488176189888,0.08767400231416937,0.038296075399630626
3406,1,1,0,1.0696037519440382,0.24206974074151605,0.2818463049517232,0.14644151063606878
3407,1,1,0,1.1846311082697376,0.24124787166620465,0.44215716592947046,0.10284409754083826
3408,1,1,0,0.7908923466416562,0.07857127630414351,0.1617911537482684,0.0017069887252695263
3409,1,1,0,1.0387842427273069,0.15687403128321248,0.41513994571258944,0.041575316424582794
3455,2,2,0,0.9689909652197467,0.2556271934220261,0.29414779211758246,0.8099438278455927
3456,2,2,0,0.9348623121689912,0.07860378352954492,0.031004593964033902,0.0024485342991689696
3458,2,2,0,0.33917757487176015,0.021889683299291456,-0.015198102177043328,0.04025437905662631
3492,1,1,0,0.9781373863317111,1.5750748051087848,0.8945865910662462,1.2201396390172379
3493,1,1,0,0.9879777979192321,0.0926888547419583,0.0033634946488718875,0.322488790700832
3494,1,1,0,1.1186492158744556,0.017093302042424735,0.0002916309238837497,0.10449505086760885
3499,1,1,0,0.9210994349487381,0.04075672208098907,0.003560931532166568,0.04936652237754886
3500,1,1,0,0.8651095407214626,0.003348236000770904,-0.004469837160139361,-0.013098404862862827
3501,1,1,0,0.975422671217108,0.04894170032243852,0.07048273394911898,0.05092855076986676
3503,1,1,0,1.0638320654844187,0.03506223315911581,0.039002746649363505,0.14235074016326799
3504,1,1,0,0.9495229742249806,0.0025374137009197668,0.059327590997499305,0.03957866174852473
3506,1,1,0,0.7882149656620955,0.009321889870473173,0.022630788160745326,0.008810145059391617
3552,2,2,0,0.5323566909318189,0.05786889364532312,0.027830185181843218,0.05113010867681283
3571,3,3,0,0.024047779204037886,0.07654818439464461,0.004559357670429607,0.013382623447630011
3572,3,3,0,0.012457182719287625,0.0813760876461045,0.024152695637742232,0.015062013070486695
3589,1,1,0,1.184740951502872,2.1089716287263736,1.3993934113109674,1.5785625666545662
3590,1,1,0,1.2357912633696186,0.16490021946956346,0.018993178474957607,0.618420423437439
3591,1,1,0,1.1573946150033223,0.2127588982450357,0.06521363086950661,0.40881724893237387
3592,1,1,0,0.9507844233043334,0.026000891286027766,0.03782913559318714,0.1719015483462821
3593,1,1,0,0.6727275710095612,0.027284003943329978,-0.021539228729731828,0.2549331706988848
3595,1,1,0,0.957547269681901,0.01201921444838933,0.007466411531684504,0.023282331636108367
3596,1,1,0,1.1750318669349933,0.12467787101763456,0.04231014177788713,0.04253022574129604
3597,1,1,0,1.0061902723684257,0.016798377661564765,-0.009801049479887015,-0.0020694032186766064
3598,1,1,0,1.1222537552426373,0.11620206536492585,0.16776005850164563,0.08714059594075622
3599,1,1,0,1.0491603855613343,0.02000555877811974,0.010619547733606703,-0.00706315615016659
3600,1,1,0,1.1703716112893126,0.12972406703757225,0.12647325260546488,0.43907593465829603
3601,1,1,0,1.0715314795513975,0.11814970241538017,0.14320982856687217,0.04372024862715052
3602,1,1,0,1.0289555121695366,0.015263237502361015,-0.005707087200952733,-0.010217804504159015
3603,1,1,0,0.9025498149098805,0.02728752048690993,-0.01068295938577881,-0.011768202573450078
3649,2,2,0,0.9286806350061805,0.07917039487419204,0.021998677925114514,0.12513283301939787
3650,2,2,0,0.04927207134366395,0.0008345031421946238,0.008719527093432905,0.01680213743449555
3651,2,2,0,0.023589220853779347,0.05687079240864348,0.011640389790762264,0.004167211248977311
3670,3,3,0,0.0003778775716573785,0.008305844033508139,-0.010597638476801275,-0.003957826873630131
3686,1,1,0,1.1736918763963424,8.766965267799993,1.1852193000458666,5.101464676324182
3688,1,1,0,1.1370707038489496,0.04892641651400505,0.023778365420837222,-0.07613644754791636
3689,1,1,0,1.1156322741470706,0.03821747145431969,0.030794132421049544,-0.012665774531838637
3694,1,1,0,0.3163307401996933,0.07599602198955774,0.169908967599349,0.2319506951352651
3695,1,1,0,0.6208166651440404,0.26342892665496914,-0.006174746475553632,-0.15048856413565168
3697,1,1,0,0.1466967670517598,0.27305929978932003,0.15363189304283395,0.45735086546573633
3698,1,1,0,0.5826590916896576,0.4210386179565869,-0.00023255765426026602,0.19842492390607566
3699,1,1,0,0.7865436223926529,0.028117738021775248,-0.00894711009593385,0.14308785097661333
3746,2,2,0,0.2588983566845665,0.15648982209756737,-0.007560026354613657,0.604606156158285
3766,3,3,0,0.009387399487576425,0.12822523958050525,0.006761271801066911,0.03726241727836348
3783,1,1,0,1.7651092734410916,13.932170763145578,2.46002279504285,10.485067733498028
3784,1,1,0,1.480431655125629,0.22572593274197333,0.06591224893195395,1.274387298977177
3785,1,1,0,1.4773123627889606,0.2594955253192465,0.11274598299557169,1.0642506736694035
3786,1,1,0,1.316576158854697,1.2885323894141507,0.06063319804366911,0.9376472885920157
3791,1,1,0,0.6641352710021934,0.7424496157505179,0.0377681454781601,0.3717046359777707
3792,1,1,0,1.0601600092418784,0.4002805291529845,-0.01223757924947739,-0.04665625034504556
3793,1,1,0,1.4236353027182493,1.2527688632976384,-0.03479574676805854,0.06288583260108649
3794,1,1,0,0.38209555158732583,1.2590385732598368,-0.040301857543780906,0.535833955760163
3795,1,1,0,1.0388554163473418,0.18900965545338208,-0.00043153033663124795,-0.07687106497350817
3796,1,1,0,1.184678600362449,0.12055510832420321,-0.018127285288433277,0.026293924660679667
3864,3,3,0,0.008367381353610887,0.7458868824901036,0.07199994774675464,0.07341743741672739
4074,1,1,0,0.9573015647203393,1.3623082506683992,0.9459767905629343,1.1442322697232443
4075,1,1,0,0.9962967822996953,0.0003288972340998394,0.009552110994130818,0.4281127292119531
4076,1,1,0,1.1122241008812943,0.057244208188363295,0.06930791387233656,0.46064455653893843
4077,1,1,0,0.9322772147883914,0.018287886949990433,0.2496530227736856,0.11093410874572905
4078,1,1,0,1.08990271497383,0.03787864545392774,0.03443255991634982,0.18672958189236785
4080,1,1,0,0.9971464911765214,2.0017457570641243e-05,0.050850120691304325,0.02786067065332887
4081,1,1,0,0.9514373895013183,0.026401005457871475,-0.009459953551279782,-0.016674730297386017
4083,1,1,0,0.8246384976846981,0.040216522899793675,0.17589796055615378,0.16137889025892568
4084,1,1,0,1.0272508306628572,0.029104321578744367,0.29152980916419946,0.2682683130115362
4087,1,1,0,0.8248255733954831,0.007191757525571741,0.03240448761126137,0.07779750552170472
4088,1,1,0,0.9473171159030227,0.020912136381504066,0.025107794570928755,-0.013656439351005625
4134,2,2,0,0.8214004924704379,0.014219901829231371,-0.00633253243229343,0.07450055699470473
4136,2,2,0,0.1816689783739611,0.0012290774402172679,-0.020158477035849894,0.0034461705754979203
4155,3,3,0,0.006878987132650746,0.020825562808401678,-0.021744759144014043,8.767101966110676e-05
4171,1,1,0,1.07252910015863,1.486619929388601,1.1118357074476137,1.5712943017593068
4172,1,1,0,1.162392257864594,0.15800689824010647,0.10184072681123627,0.9604587547452321
4173,1,1,0,1.2034041403976756,0.2690980383788246,0.28895037952658575,1.1582767150731028
4174,1,1,0,1.0141813197151324,0.23084546543961915,0.6778715479233203,0.5094671705397602
4175,1,1,0,1.1535596242916144,0.18315284105202403,0.11671371492203357,0.4855287226695102
4176,1,1,0,1.0326043237578426,0.16407050266573547,0.12596755995579484,0.26768682657670134
4177,1,1,0,1.0750340399565772,0.0910120372630183,0.28138086120884803,0.12511983466501966
4178,1,1,0,1.1737771382923805,0.12278428457715078,0.03129551415794246,-0.021425100564367833
4179,1,1,0,1.0516053837946082,0.07906298922345699,0.03900838970255417,0.07129709842772305
4180,1,1,0,1.0092856169088305,0.20857626559824158,0.4840151004819694,0.5449263305646906
4181,1,1,0,1.287692982391783,0.22516933944793038,0.6659838045559922,0.4875860618209882
4182,1,1,0,0.9667440779191719,0.07074838114287697,0.06734843411656409,0.3633052580649819
4183,1,1,0,1.0361681571683716,0.050733211232612846,0.07851674244646002,-0.042887965606792144
4184,1,1,0,1.0559925026495778,0.027230476166964158,0.07566526822884984,0.07156759838519784
4185,1,1,0,1.0217217158867586,0.1169350073716382,0.14581023645738764,0.02121718134264636
4231,2,2,0,1.0223178596091442,0.1304055441352468,0.09535455534099499,0.4235553371330751
4232,2,2,0,0.8690435463402288,0.05688271688294926,0.003143643548215344,0.021516839754613173
4233,2,2,0,0.33311134264570225,0.030922515766199594,-0.02091204117050606,0.041201275490863554
4250,3,3,0,0.927956999520481,0.0884465601481837,0.05537364536153463,0.00941703845055964
4251,3,3,0,0.4621592206529998,0.006294210872717331,-0.007839962779246737,0.04416017347859757
4268,1,1,0,1.1058933057394635,1.2520859627428884,1.2186053590200523,4.170246509350401
4269,1,1,0,1.0504433333550198,0.08522108714507554,0.13111286931078822,1.1952643573947994
4270,1,1,0,0.8125164064876594,0.02494769933652465,-0.024340417144411226,1.4917122075593614
4271,1,1,0,1.1117271090974175,0.09618048603906673,0.1761833408779385,0.2311581616652504
4272,1,1,0,0.7460773864693635,0.018437555260829554,0.08332909566350301,0.2156836682458161
4275,1,1,0,0.6905109483706329,0.051796299158824735,0.03441313047401021,0.00042825106349304604
4276,1,1,0,1.0206161652772743,0.009173940685980802,-0.0023908766071459296,0.17664765890918183
4278,1,1,0,0.9950955299045683,0.09203619703420221,0.2567139209652161,0.03805277150014976
4349,3,3,0,0.020647018723353262,0.003017478830324651,0.012194917712441366,-0.04252028018737753
4365,1,1,0,1.1302323196249187,2.402399108956654,2.071959498985344,8.545824187563264
4366,1,1,0,1.1865682256024002,0.08969568533661179,0.08615817355843337,2.4326077343540833
4367,1,1,0,1.2920069462896708,0.10608443078740278,0.10472716220452254,1.930845414693021
4368,1,1,0,1.2348925169488363,0.3565612626639509,0.15299773323801782,1.872255820512017
4369,1,1,0,1.071317675699029,0.041570398264424324,-0.022266256998431967,1.5629406215272545
4371,1,1,0,0.9628317193968066,0.013544249484543917,-0.06296695998671757,0.04171982792031628
4372,1,1,0,0.9016858771548966,0.11022600701212704,0.09595064839370943,0.11425847482546894
4374,1,1,0,1.035568147574153,0.01114792081994084,0.07885605714492913,-0.4013034719753526
4375,1,1,0,1.3986251794141915,0.07050390322120367,0.4047580319530827,0.054152662589246385
4377,1,1,0,1.221532946794676,0.016062527609564434,0.06850453932841508,-0.22644400756581154
4378,1,1,0,0.5707612556903401,0.05712421416981439,0.11796375707085216,0.06577630325017358
4425,2,2,0,1.0682216259526334,0.14315250096821283,-0.09161059330968255,0.9280463661076064
4462,1,1,0,0.8998303219667302,0.05367890191811805,0.49618384591634757,1.578547661721594
4465,1,1,0,0.8924056537686218,0.411138287405309,0.0886985092844115,0.8276900611304118
4467,1,1,0,0.8583838551966239,0.33180544098405856,0.028341914075631077,0.03889794131696431
4468,1,1,0,0.6542858188213093,0.016543891510938907,0.015341978384233228,0.22556116532531562
4471,1,1,0,0.7559354620167934,0.01017667522322756,-0.006804734344290605,0.028415082486187165
4472,1,1,0,0.8530181005586591,0.017534049595740078,0.028597199207277144,0.05604889925520722
4475,1,1,0,0.3450995623566867,0.6478381397634987,0.013814626144021465,0.19695030186857665
4523,2,2,0,0.27371988028952793,0.05707252591083224,-0.013191028131339218,0.014781195995816237
4542,3,3,0,0.029514316823181806,0.1897355333094397,0.033626360607808374,0.021549707909782816
4559,1,1,0,1.0609940444068857,5.079396296597699,0.9841439674119109,3.977643567287714
4560,1,1,0,0.9019131706683138,0.3241457705675007,0.01374809351929524,0.015518746432000482
4561,1,1,0,1.0780258177365467,0.7456644434618915,0.019359966884437727,0.2354040959515755
4562,1,1,0,1.0280304910282914,1.8348767248688307,0.3646655317473393,2.278509077002476
4563,1,1,0,0.9652306101457526,1.1484598278328226,0.03289039684062744,0.1379605225740287
4564,1,1,0,1.0434703528091918,1.1627741618164065,0.08943342465055826,0.399354623389726
4565,1,1,0,0.9085509282093518,0.403653334960735,-0.002702605026706336,-0.1663356157812468
4566,1,1,0,0.8943271781112401,0.24184392841418767,-0.012784004868368752,-0.005790198166882113
4567,1,1,0,0.893975096791446,0.8754718856294216,0.001950793953208235,0.1128249706321629
4568,1,1,0,0.9742893278056874,1.3477787192657105,0.007229315333493752,-0.08234398042208994
4569,1,1,0,1.027816476000978,0.9003753202127821,0.0762540469506545,0.028598138531310668
4571,1,1,0,1.016993967918733,0.0793108931730197,0.02513669733097062,-0.10983905487450984
4572,1,1,0,0.531321653449902,0.4794526799545244,-0.0013616425027726923,0.19597378362056378
4619,2,2,0,0.9285986300397788,0.48689553364979066,0.018576401232087245,-0.0484333282018517
4620,2,2,0,0.5601089691261175,0.12250014449204474,0.001605085596288853,-0.10422207870295286
4638,3,3,0,0.2921527604001192,0.011459576968398779,0.020812424848283242,0.016706808015846897
4639,3,3,0,0.007893484263266009,0.06224150529737962,0.009531065633617702,0.07889026359373262
4656,1,1,0,1.032432681129998,1.3033096108846167,1.0112061717924903,1.89110191305363
4657,1,1,0,1.0055133203035225,0.0749475420547391,0.05674137523603164,0.5465224043964545
4658,1,1,0,1.1214094530246124,0.026919179680150097,0.08014944918196194,0.4365803809312419
4659,1,1,0,1.0208399624937516,0.04621562484778328,0.05912392915447466,0.16841779928534212
4661,1,1,0,0.8998202359594474,0.027102392247212788,0.037281408877830644,0.06022550545575897
4664,1,1,0,0.8265815787264451,0.04603588133349287,0.03548691667021369,0.043785223512468115
4665,1,1,0,0.9917971661197996,0.04927361355661305,0.06757558796152151,0.13536062886569072
4666,1,1,0,1.0700141490720039,0.04905270976190899,0.2166410227090547,0.06052443113382597
4667,1,1,0,0.8930149278945105,0.0011709019490950914,0.0036849573924142747,-0.018791257954068892
4670,1,1,0,0.8385109268375458,0.01678101711075847,0.053182280714094705,-0.0017884759592277568
4716,2,2,0,0.8301083635822257,0.013549382722821754,0.030359200471318196,0.05153447890444172
4719,2,2,0,0.059481039256188244,0.003129985153706525,0.004024404044641504,0.05217040531206246
4735,3,3,0,0.12112103239796303,0.013000536684605175,0.010878079494749554,-0.01606578668244386
4753,1,1,0,1.1634026280047787,1.5204547523348484,1.1780081319805134,2.7318023026676466
4754,1,1,0,1.0380582118854524,0.26718076122446,0.17688194282811265,1.2065632465382676
4755,1,1,0,1.1336321807192218,0.17626894162311074,0.26882572019981843,1.1976923817291947
4756,1,1,0,1.1087879448556854,0.29711532722304546,0.2073148724874072,0.4757124957043339
4757,1,1,0,1.1051414753466662,0.051112594523441676,0.03184602685516458,0.24527818915435273
4758,1,1,0,0.993164880935132,0.09430783843803499,0.008981416830960511,0.11784638061057755
4759,1,1,0,1.1652267450993512,0.0905826086605435,0.06654830514288276,0.08915658166165975
4762,1,1,0,1.084143031969905,0.10625643953947345,0.14862667113961475,0.08302309839633885
4763,1,1,0,1.1759690011552157,0.24582436366595808,0.7809153144163599,0.24829447554900552
4764,1,1,0,1.0980556344387211,0.026163027948621808,0.03491539779282349,0.01105746677016966
4765,1,1,0,1.2601775537312339,0.1041144891000008,0.21185632048296224,0.05706222104715592
4766,1,1,0,1.1375333283374265,0.09832353771677059,0.21201446945697716,0.002247521470675034
4767,1,1,0,1.083263119488167,0.03543165536812999,0.07299602972531624,0.03716357948140999
4813,2,2,0,1.048232705202257,0.05569500010932202,0.03802508118805427,0.14388404419124745
4814,2,2,0,0.23550872437447892,0.017076928812111498,0.004089050748910264,0.019301120806184655
4816,2,2,0,0.1717922616512657,0.014688734451575747,0.030512572628257496,0.009748475561425456
4832,3,3,0,0.34471118526637257,0.01865096196261942,0.00013858388035702777,0.03285286030255251
4833,3,3,0,0.009941024944658608,0.008120410583563293,0.012100374827395484,-0.04300649274351514
4850,1,1,0,0.8922485927286667,1.1076564538662688,0.5428262933514387,5.707669212329688
4851,1,1,0,0.9094594151811528,0.08180285166009814,0.028818988714641242,2.2919442585545085
4852,1,1,0,1.0421981323368366,0.09322729828865976,0.028670878057711013,2.872557912177693
4853,1,1,0,1.2482102598169373,0.17917335285807912,0.17372041096631377,0.36942284769489053
4854,1,1,0,0.9355515473835385,0.008457579933947381,-0.014394323759812363,1.973539134436265
4855,1,1,0,0.9299951878628652,0.02337255129877041,0.021040081361682415,2.2894294727531443
4856,1,1,0,0.9626270960810841,0.5779177610510604,0.193971202506668,0.9061830125894559
4857,1,1,0,0.9372157028660681,0.07109233994762235,0.03575179542705968,0.48514691190672227
4858,1,1,0,0.947580193804659,0.08401467558077809,-0.0010036644960963743,0.1677961734753005
4860,1,1,0,0.9961673356261203,0.07807289421980433,0.08717079121939805,0.19264935747651657
4861,1,1,0,0.6389512648398601,0.0054398165830688155,-0.014420577707973186,0.08573654077041844
4862,1,1,0,0.9662702718812584,0.012299293527197528,0.004321181917684711,0.19017344459017285
4863,1,1,0,0.5653171351297142,0.05637164210436995,0.013105938068213002,0.31476512553026587
4864,1,1,0,0.16180038818586887,0.005466759683337603,0.04091111941718383,0.08637477816173787
4910,2,2,0,0.9050211204297918,0.0007180205671987762,0.011158165812169005,1.9658121683359744
4947,1,1,0,1.1488166977420093,1.292582880288727,1.0519268073323842,8.588808535915566
4948,1,1,0,1.1103150491601592,0.331332417530351,0.07959644226819072,4.737081312681416
4949,1,1,0,1.2306192815349546,0.45039854037670507,0.0559243017660912,7.175874266348632
4950,1,1,0,1.2834093266347433,0.4132580350787845,0.2126255236908091,1.2955309686936927
4951,1,1,0,1.1314576671512204,0.040723812072982736,0.01410248893105051,5.693646060267705
4952,1,1,0,1.127164099643916,0.17023129274088952,0.049094892362528,4.1906958618975185
4953,1,1,0,1.2097532079223565,1.046036178518012,0.5535074026754627,2.067562087845737
4954,1,1,0,1.0958859245785217,0.10911283798900806,0.043577095543892726,0.7147927857993116
4955,1,1,0,1.25013385450954,0.1744815530401288,0.10880476395014423,0.9367439977288612
4956,1,1,0,0.8738125024200323,0.028032105442179593,-0.018783430419835833,-0.018279765781686812
4957,1,1,0,1.0819444854208313,0.41477396329196153,0.09008498290127573,0.30359550150380077
4961,1,1,0,0.32299050560306697,0.027181490392774062,0.051046648234155216,0.1228333501805112
5007,2,2,0,1.0087074718973137,0.028878356597924048,0.01816313730642949,3.558105301071813
5240,1,1,0,0.8203140792607847,0.0564846183706284,0.4710559537905057,0.7541152873197124
5241,1,1,0,0.8304838182412552,0.07531373017396431,0.9329054696134523,1.2012542170707936
5242,1,1,0,1.0836743871710295,0.19472730869702906,0.5353207043493984,0.6439581619177936
5243,1,1,0,1.024990175671815,0.01714200667437357,0.280684812388032,0.6925983757694119
5244,1,1,0,1.1176793880239524,0.7333286634190898,1.1069528124530763,0.8452406069632857
5245,1,1,0,1.076178668189177,0.30879924422792526,0.6086578434546294,0.22614672756918752
5246,1,1,0,0.9497737194984679,0.09148235927158743,0.4272052616715324,0.339726336976583
5247,1,1,0,1.02136516630734,0.4376297366685869,0.8768340591103729,0.2841690705682963
5248,1,1,0,0.9587719324236137,0.005667553506018642,0.011764505912587897,0.012256403126844518
5251,1,1,0,0.6305460054529282,0.08478527115048301,0.21916339962756137,-0.0032289803173295175
5299,2,2,0,0.9001905093606591,0.007048022475048908,-0.006442448816067644,0.017973052830193407
5318,3,3,0,0.05340547720062684,0.00970015695154138,0.011130294969613555,0.01749249238547888
5337,1,1,0,1.2328666668818031,0.2635102136154186,0.8658572287603585,1.3277016004037394
5338,1,1,0,1.1795729925774585,0.43468404205685035,1.1075165056249847,1.6863288749598202
5339,1,1,0,1.3981988006469228,0.3188826061475554,0.9875127435188331,1.2852229978714862
5340,1,1,0,1.3772296391425576,0.18889370892917312,0.6907170961372477,1.3025152608591648
5341,1,1,0,1.4480544561998447,1.2593554792049668,1.1990876087530071,1.2862473779881263
5342,1,1,0,1.2637279197246023,0.6633680015952674,1.081431804613937,0.5881530483466454
5343,1,1,0,1.4435210242299505,0.2713500515070898,0.778081431956895,0.6792491358133362
5344,1,1,0,1.1873124924397147,0.8782285364617332,1.049198018411638,0.6486385347175094
5345,1,1,0,1.2253744748544637,0.07655352331003494,0.1314092355574396,-0.020171124662744615
5346,1,1,0,1.233097293869499,0.028811487645182574,0.08229753226522815,-0.0034851273964413175
5347,1,1,0,1.166448188735453,0.00017364954813073896,0.31996299118268456,-0.038150653745485145
5348,1,1,0,1.391910515956281,0.24933695082293947,0.7151930647424652,0.18050774859151333
5395,2,2,0,1.2347296655217126,0.041662571241654865,0.06618564272962377,1.2396360071292316
5396,2,2,0,1.2027191046129628,0.008332653071348853,-0.014285248482211063,0.26594692193267094
5415,3,3,0,0.08559917033192206,0.04404571309481832,-0.013567141071373766,0.08176162998274981
5435,1,1,0,0.7880129938978676,1.1198330249740596,-0.005117126645268688,-1.0081881633026524
5436,1,1,0,0.3705918798197927,1.0719621787709943,-0.025752291938184863,0.27001225600167106
5438,1,1,0,0.27064873926385935,1.7058087778088389,0.008731829366275399,0.9120400798998023
5440,1,1,0,0.7643808752855488,2.001218010659358,-0.07212225217138833,0.8241272704106674
5442,1,1,0,0.9506954260198923,0.4612952474160172,0.0014448964558476513,0.8876631457279058
5492,2,2,0,0.08771037876841219,1.7540853064165909,0.026960487038268928,-0.0868974296260989
5493,2,2,0,0.031179503018030547,0.19158223672332747,-0.005758428544807451,-0.19321995039819334
5494,2,2,0,0.05632984570742569,1.103058555834902,0.15186487489215716,0.7760994978694629
5511,3,3,0,0.007266220111885458,0.9126312416266651,0.05122966300472842,0.12686686160660207
5529,1,1,0,1.14606115325848,2.0304620517293213,0.27964341069276843,2.200594314140863
5531,1,1,0,0.8073388568152482,0.9440534682237516,0.07184305079201536,-1.7888412251830497
5532,1,1,0,0.9800088593034553,1.3958595182212665,-0.04525982763705288,-0.01765103552199152
5533,1,1,0,0.576714860424349,1.8854190884277255,-0.00957828120462796,-0.5076078199831637
5539,1,1,0,1.1035859903200393,0.174712026416202,0.2038537438191923,-0.4319675067480536
5540,1,1,0,0.882599426284693,0.05202873751816556,-0.0978722811002826,0.42801131496761674
5589,2,2,0,0.18905495613832982,2.7588256366843007,0.0534599899361392,0.32510551590368203
5590,2,2,0,0.04227201080560913,2.9874390279736414,-0.11392864824095439,-0.4058581790108488
5608,3,3,0,0.02139825551959385,0.7007494812166228,0.035003505015263676,0.5206039392662939
5626,1,1,0,1.0593565727307124,1.1113093683977653,0.9265900458987887,1.0644067246118707
5627,1,1,0,0.9383176169763418,0.8388196726411515,0.8479711399033341,1.0217781863126405
5628,1,1,0,0.9609136347516005,0.6538396769753846,0.731067537334843,0.9756105711192796
5629,1,1,0,0.9847264460570292,0.36932895164817914,0.7125580024291761,1.1325739642596349
5630,1,1,0,0.9255280853012708,0.11484717168243017,0.20801663100374423,1.1375834247735157
5631,1,1,0,0.9190300464739971,0.09951076604419519,0.19088191916280547,1.04390181970346
5632,1,1,0,0.9350760102743061,0.09209700331694648,0.5364318316092884,0.20598299441473208
5633,1,1,0,1.003251536020277,0.3202749333091875,0.621778530434042,0.3968248699563768
5634,1,1,0,0.9545114414111834,0.04053369624408217,0.028608271988127754,0.17562628352037887
5635,1,1,0,0.9328669021283525,0.6840233532367865,0.8651285962651448,0.651390433994553
5637,1,1,0,0.8651046717546689,0.6052295364967909,0.7892422285639576,0.9761771231272053
5638,1,1,0,0.8885179952665759,0.07226071513451278,0.3137697313433016,0.16136957774978394
5686,2,2,0,0.8531021915272549,0.07348066977151704,0.06089103996531626,1.0735243214771952
5688,2,2,0,0.4891451627472825,0.050474476015955755,0.0,0.0
5706,3,3,0,0.081741235470363,0.005814895774937592,0.0,0.01632074730446194
5707,3,3,0,0.009174547839723348,0.013076711661000695,0.00031795772057709556,-0.010550987732914347
5723,1,1,0,1.1533228167254141,1.1784668030943937,1.0939607274107237,1.3317314990147682
5724,1,1,0,1.1051008966027038,1.1284642522931514,1.1264395934784552,1.496717640379502
5725,1,1,0,1.221924007249714,0.9995342624613824,1.012782424437527,1.3042069025486382
5726,1,1,0,0.9894835786466766,0.5134743621590384,1.1566579243411637,1.366279702916385
5727,1,1,0,1.065120495557937,0.4203196752831698,0.5351400048675963,1.344773299448683
5728,1,1,0,1.0069690744654294,0.38242053234272516,0.5349024749452538,1.400579194047832
5729,1,1,0,1.0025304485220112,0.2833690700055111,0.8816777766098061,0.6114023642012679
5730,1,1,0,1.1008480803828427,0.9804578762878483,0.9123683845450182,0.9531899907682031
5731,1,1,0,0.9245731067756913,0.1638277908921111,0.15502779239790504,0.40867682113504106
5732,1,1,0,1.084189256775618,0.9099364144966452,1.0174455323316767,0.892732602512934
5733,1,1,0,0.9044874013424018,0.05014442904194853,0.2902761330277914,0.031366218528499364
5734,1,1,0,1.0169899999924912,0.9232094908274954,1.1197473471273092,1.2806872390919979
5735,1,1,0,0.9639694458733082,0.2643111259166139,0.6662376619372842,0.45424879814552643
5737,1,1,0,0.9751994271710595,0.07819709706993824,0.22289572305303074,0.22316759802182892
5783,2,2,0,1.0499662093703557,0.26173803150018404,0.1495906986039312,1.226219000728275
5784,2,2,0,1.0755601338373262,0.04986627693824531,0.03526170038592986,0.6847927465839457
5785,2,2,0,0.7852067086206376,0.016853341991768276,0.0,0.017580805000762305
5786,2,2,0,0.8866067499983001,0.04400255183038862,0.022597034599058898,-0.007328703387290953
5802,3,3,0,0.9175968277724798,0.0932609444450505,0.048211561604003667,0.5337187209139475
